paxCode,label,Normalized Name
PAX0005145560,Dark Souls (Prepare to Die Edition),dark_souls_prepare_to_die
PAX0005558388,Naruto Shippuden: Ultimate Ninja Storm 3 Full Burst,naruto_shippuden_ultimate_ninja_storm_3_full_burst
PAX0006085660,Naruto Shippuden: Ultimate Ninja Storm 3 Full Burst,naruto_shippuden_ultimate_ninja_storm_3_full_burst
PAX0006208060,Dark Souls II,dark_souls_ii
PAX0006208094,Dark Souls II (Black Armour Edition),dark_souls_ii_black_armour
PAX0006212072,Ace Combat Assault Horizon (Enhanced Edition),ace_combat_assault_horizon_enhanced
PAX0006355620,Enslaved: Odyssey to the West (Premium Edition),enslaved_odyssey_to_the_west_premium
PAX0006604772,Pac-Man Championship Edition DX+ All You Can Eat Edition,pac_man_championship_dx_all_you_can_eat
PAX0006851476,Dragon Ball: Xenoverse,dragon_ball_xenoverse
PAX0006960446,Project Cars,project_cars
PAX0006962588,Dark Souls II: Season Pass (DLC),dark_souls_ii_season_pass
PAX0006971122,Dark Souls II: Scholar of the First Sin,dark_souls_ii_scholar_of_the_first_sin
PAX0006974080,Dragon Ball: Xenoverse,dragon_ball_xenoverse
PAX0006976630,Naruto Shippuden: Ultimate Ninja Storm Revolution,naruto_shippuden_ultimate_ninja_storm_revolution
PAX0006979894,Dark Souls II,dark_souls_ii
PAX0006986218,Star Trek The Video Game,star_trek_the_video_game
PAX0007029602,Dark Souls II (Black Armour Edition) (DLC),dark_souls_ii_black_armour
PAX0007110284,Saint Seiya: Soldiers' Soul,saint_seiya_soldiers_soul
PAX0007244210,Grid 2 - Limited Edition,grid_2_limited
PAX0007647892,Project Cars,project_cars
PAX0007677030,Grid 2 - Limited Edition,grid_2_limited
PAX0007774372,Naruto Shippuden: Ultimate Ninja Storm 4,naruto_shippuden_ultimate_ninja_storm_4
PAX0007780560,Ridge Racer: Unbounded Limited Edition,ridge_racer_unbounded_limited
PAX0007785082,Dark Souls III,dark_souls_iii
PAX0007947534,Dark Souls III: Season Pass (DLC),dark_souls_iii_season_pass
PAX0008030460,Naruto Shippuden: Ultimate Ninja Storm 4 (Deluxe Edition),naruto_shippuden_ultimate_ninja_storm_4_deluxe
PAX0008039436,Naruto Shippuden: Ultimate Ninja Storm 4 Season Pass (DLC),naruto_shippuden_ultimate_ninja_storm_4_season_pass
PAX0008056402,Project Cars (Game of the Year Edition),project_cars_game_of_the_year
PAX0008452536,Dragon Ball: Xenoverse 2,dragon_ball_xenoverse_2
PAX0008568034,Dragon Ball: Xenoverse Season Pass (DLC),dragon_ball_xenoverse_season_pass
PAX0008665002,Tales of Berseria,tales_of_berseria
PAX0008665036,Tales of Zestiria,tales_of_zestiria
PAX0008666974,Tekken 7,tekken_7
PAX0008822048,Little Nightmares,little_nightmares
PAX0008834696,Dark Souls III (The Fire Fades Edition),dark_souls_iii_the_fire_fades
PAX0008920546,Tekken 7 (Day 1 Edition) (DLC),tekken_7_day_1
PAX0008956994,Get Even,get_even
PAX0008968486,Little Witch Academia: Chamber of Time,little_witch_academia_chamber_of_time
PAX0008968554,Little Witch Academia: Chamber of Time,little_witch_academia_chamber_of_time
PAX0009056410,One Piece Burning Blood,one_piece_burning_blood
PAX0009106118,Project CARS 2,project_cars_2
PAX0009162694,Dragon Ball Heroes Ultimate Mission X,dragon_ball_heroes_ultimate_mission_x
PAX0009230728,Project CARS 2 Japanese Cars Bonus Pack (DLC),project_cars_2_japanese_cars_bonus_pack
PAX0009286284,Project Cars (Digital Edition),project_cars_digital
PAX0009309268,God Eater 2: Rage Burst,god_eater_2_rage_burst
PAX0009332320,Dragon Ball FighterZ,dragon_ball_fighterz
PAX0009345104,Idolm@ster Cinderella Girls Starlight Stage,idolm_ster_cinderella_girls_starlight_stage
PAX0009345172,Idolm@ster Cinderella Girls Starlight Stage,idolm_ster_cinderella_girls_starlight_stage
PAX0009345274,Sword Art Online Integral Factor,sword_art_online_integral_factor
PAX0009345342,Sword Art Online Integral Factor,sword_art_online_integral_factor
PAX0009345376,ONE PIECE Treasure Cruise,one_piece_treasure_cruise
PAX0009345444,ONE PIECE Treasure Cruise,one_piece_treasure_cruise
PAX0009345580,Dragon Ball Z Dokkan Battle,dragon_ball_z_dokkan_battle
PAX0009345614,Dragon Ball Z Dokkan Battle,dragon_ball_z_dokkan_battle
PAX0009348266,Ni no Kuni II: Revenant Kingdom,ni_no_kuni_ii_revenant_kingdom
PAX0009348402,Sword Art Online: Hollow Realization (Deluxe Edition),sword_art_online_hollow_realization_deluxe
PAX0009370672,Tales of Symphonia,tales_of_symphonia
PAX0009392194,Dragon Ball FighterZ,dragon_ball_fighterz
PAX0009392228,Ni no Kuni II: Revenant Kingdom,ni_no_kuni_ii_revenant_kingdom
PAX0009402020,One Piece Pirate Warriors 3,one_piece_pirate_warriors_3
PAX0009402122,One Piece Pirate Warriors 3 (Gold Edition),one_piece_pirate_warriors_3_gold
PAX0009402258,One Piece Pirate Warriors 3 Story Pack (DLC),one_piece_pirate_warriors_3_story_pack
PAX0009410826,Dragon Ball FighterZ (FighterZ Edition),dragon_ball_fighterz_fighterz
PAX0009410962,Dragon Ball FighterZ (Ultimate Edition),dragon_ball_fighterz_ultimate
PAX0009434694,Ridge Racer Unbounded,ridge_racer_unbounded
PAX0009455468,Sword Art Online: Fatal Bullet,sword_art_online_fatal_bullet
PAX0009455706,Sword Art Online: Fatal Bullet - Season Pass (DLC),sword_art_online_fatal_bullet_season_pass
PAX0009501062,Dragon Ball FighterZ: FighterZ Pass (DLC),dragon_ball_fighterz_fighterz_pass
PAX0009513030,Dark Souls III (Deluxe Edition),dark_souls_iii_deluxe
PAX0009526222,Accel World Vs. Sword Art Online (Deluxe Edition),accel_world_vs_sword_art_online_deluxe
PAX0009529316,One Piece: Grand Cruise,one_piece_grand_cruise
PAX0009557400,Tekken 7 (Deluxe Edition),tekken_7_deluxe
PAX0009575522,Dark Souls: Remastered,dark_souls_remastered
PAX0009620742,Dragon Ball: Xenoverse 2 Season Pass (DLC),dragon_ball_xenoverse_2_season_pass
PAX0009662018,Little Nightmares (Complete Edition),little_nightmares_complete
PAX0009671674,Naruto Shippuden: Ultimate Ninja Storm 4 - Road to Boruto,naruto_shippuden_ultimate_ninja_storm_4_road_to_boruto
PAX0009688062,Dragon Ball Xenoverse (Bundle Edition),dragon_ball_xenoverse_bundle
PAX0009688844,Naruto to Boruto: Shinobi Striker,naruto_to_boruto_shinobi_striker
PAX0009735696,Naruto to Boruto: Shinobi Striker Season Pass (DLC),naruto_to_boruto_shinobi_striker_season_pass
PAX0009772144,Naruto Shippuden: Ultimate Ninja Storm Trilogy,naruto_shippuden_ultimate_ninja_storm_trilogy
PAX0009778502,Tekken 7 Season Pass 2 (DLC),tekken_7_season_pass_2
PAX0009789960,Project Cars 2 Season Pass (DLC),project_cars_2_season_pass
PAX0009799344,Soulcalibur VI,soulcalibur_vi
PAX0009799650,Soulcalibur VI (Deluxe Edition),soulcalibur_vi_deluxe
PAX0009802234,Project Cars 2 (Deluxe Edition),project_cars_2_deluxe
PAX0009831474,Ni No Kuni II (The Prince's Edition),ni_no_kuni_ii_the_prince_s
PAX0009836302,Ace Combat 7: Skies Unknown,ace_combat_7_skies_unknown
PAX0009838002,11-11 Memories Retold,11_11_memories_retold
PAX0009870370,Little Witch Academia: Chamber of Time,little_witch_academia_chamber_of_time
PAX0009876184,DeadCore,deadcore
PAX0009879278,Katamari Damacy REROLL,katamari_damacy_reroll
PAX0009942008,Ace Combat 7: Skies Unknown,ace_combat_7_skies_unknown
PAX0009943572,Ace Combat 7: Skies Unknown (Deluxe Edition),ace_combat_7_skies_unknown_deluxe
PAX0009950542,Black Clover: Quartet Knights,black_clover_quartet_knights
PAX0009950610,Black Clover: Quartet Knights (Deluxe Edition),black_clover_quartet_knights_deluxe
PAX0009956560,God Eater 3,god_eater_3
PAX0009956628,Jump Force,jump_force
PAX0009957308,Dragon Ball FighterZ: FighterZ Pass 2 (DLC),dragon_ball_fighterz_fighterz_pass_2
PAX0009957376,Sword Art Online: Fatal Bullet (Complete Edition),sword_art_online_fatal_bullet_complete
PAX0009965366,Ace Combat 7: Skies Unknown Season Pass (DLC),ace_combat_7_skies_unknown_season_pass
PAX0009966896,My Hero One's Justice,my_hero_one_s_justice
PAX0009966964,Naruto to Boruto: Shinobi Striker (Deluxe Edition),naruto_to_boruto_shinobi_striker_deluxe
PAX0009973220,Jump Force (Ultimate Edition),jump_force_ultimate
PAX0009974580,Dragon Ball: Xenoverse 2 - Extra Pass (DLC),dragon_ball_xenoverse_2_extra_pass
PAX0009974784,New Gundam Breaker,new_gundam_breaker
PAX0009975226,One Piece: World Seeker,one_piece_world_seeker
PAX0010018678,Super Dragon Ball Heroes: World Mission,super_dragon_ball_heroes_world_mission
PAX0010036494,Tekken 7 (Ultimate Edition),tekken_7_ultimate
PAX0010114966,Naruto Shippuden: Ultimate Ninja Storm Legacy,naruto_shippuden_ultimate_ninja_storm_legacy
PAX0010119352,Impact Winter,impact_winter
PAX0010120168,Sword Art Online: Lost Song,sword_art_online_lost_song
PAX0010123194,Black Clover: Quartet Knights - Season Pass (DLC),black_clover_quartet_knights_season_pass
PAX0010124146,Ni No Kuni II: Revenant Kingdom Season Pass (DLC),ni_no_kuni_ii_revenant_kingdom_season_pass
PAX0010146858,Naruto to Boruto: Shinobi Striker,naruto_to_boruto_shinobi_striker
PAX0010163654,Dark Souls III: Ashes of Ariandel (DLC),dark_souls_iii_ashes_of_ariandel
PAX0010163688,Dark Souls III: The Ringed City (DLC),dark_souls_iii_the_ringed_city
PAX0010212308,The Dark Pictures Anthology: Man of Medan,the_dark_pictures_anthology_man_of_medan
PAX0010214790,Dragon Ball: Xenoverse 2 - Ultra Pack Set (DLC),dragon_ball_xenoverse_2_ultra_pack_set
PAX0010250558,Little Nightmares: Secrets of The Maw (DLC),little_nightmares_secrets_of_the_maw
PAX0010254468,Dragon Ball Xenoverse 2: Super Pass (DLC),dragon_ball_xenoverse_2_super_pass
PAX0010283674,RAD,rad
PAX0010286360,Tekken 7 (Rematch Edition),tekken_7_rematch
PAX0010286462,Tekken 7 Season Pass (DLC),tekken_7_season_pass
PAX0010301898,Naruto Shippuden: Ultimate Ninja Storm 4,naruto_shippuden_ultimate_ninja_storm_4
PAX0010324338,Code Vein,code_vein
PAX0010344364,Tekken 7 Season Pass 3 (DLC),tekken_7_season_pass_3
PAX0010347560,Ni no Kuni: Wrath of the White Witch Remastered,ni_no_kuni_wrath_of_the_white_witch_remastered
PAX0010351164,One Piece: Unlimited World Red - Deluxe Edition,one_piece_unlimited_world_red_deluxe
PAX0010361296,Code Vein (Deluxe Edition),code_vein_deluxe
PAX0010361364,Code Vein Season Pass (DLC),code_vein_season_pass
PAX0010367280,Tales of Vesperia (Definitive Edition),tales_of_vesperia_definitive
PAX0010367484,Soulcalibur VI Season Pass (DLC),soulcalibur_vi_season_pass
PAX0010373604,Dark Souls II Bundle,dark_souls_ii_bundle
PAX0010382818,Dark Souls III: The Ringed City (DLC),dark_souls_iii_the_ringed_city
PAX0010382852,Dark Souls: Remastered,dark_souls_remastered
PAX0010393018,Jump Force (Deluxe Edition),jump_force_deluxe
PAX0010393392,Get Even,get_even
PAX0010401246,One Piece: Pirate Warriors 3 (Deluxe Edition),one_piece_pirate_warriors_3_deluxe
PAX0010401552,My Hero One's Justice,my_hero_one_s_justice
PAX0010401620,Dragon Ball Xenoverse 2,dragon_ball_xenoverse_2
PAX0010423108,One Piece: World Seeker (Deluxe Edition),one_piece_world_seeker_deluxe
PAX0010423822,Jump Force: Characters Pass (DLC),jump_force_characters_pass
PAX0010425964,Sword Art Online Re: Hollow Fragment,sword_art_online_re_hollow_fragment
PAX0010431846,One Piece: World Seeker (Deluxe Edition),one_piece_world_seeker_deluxe
PAX0010432186,Ace Combat 7: Skies Unknown Season Pass (DLC),ace_combat_7_skies_unknown_season_pass
PAX0010436198,Naruto to Boruto: Shinobi Striker (Deluxe Edition),naruto_to_boruto_shinobi_striker_deluxe
PAX0010440312,Tokyo Ghoul:re [Call to Exist],tokyo_ghoul_re_call_to_exist
PAX0010445650,Get Even,get_even
PAX0010464792,Code Vein,code_vein
PAX0010474210,Dragon Ball Z: Kakarot,dragon_ball_z_kakarot
PAX0010475706,One Piece: Burning Blood (Gold Edition),one_piece_burning_blood_gold
PAX0010476862,Dragon Ball: Xenoverse 2,dragon_ball_xenoverse_2
PAX0010488082,One Piece: World Seeker - Episode Pass (DLC),one_piece_world_seeker_episode_pass
PAX0010489986,Dragon Ball Z: Kakarot (Deluxe Edition),dragon_ball_z_kakarot_deluxe
PAX0010507598,Dragon Ball Z: Kakarot,dragon_ball_z_kakarot
PAX0010508924,Code Vein,code_vein
PAX0010508958,Code Vein (Deluxe Edition),code_vein_deluxe
PAX0010510590,Dark Souls II: Scholar of the First Sin,dark_souls_ii_scholar_of_the_first_sin
PAX0010511032,Dark Souls III,dark_souls_iii
PAX0010511202,Dark Souls III: Season Pass (DLC),dark_souls_iii_season_pass
PAX0010511338,Dark Souls III (Deluxe Edition),dark_souls_iii_deluxe
PAX0010515418,Dragon Ball FighterZ,dragon_ball_fighterz
PAX0010515622,Dragon Ball: Xenoverse,dragon_ball_xenoverse
PAX0010515690,Dragon Ball: Xenoverse Season Pass (DLC),dragon_ball_xenoverse_season_pass
PAX0010515724,Dragon Ball: Xenoverse 2,dragon_ball_xenoverse_2
PAX0010515826,Dragon Ball: Xenoverse 2 - Super Pass (DLC),dragon_ball_xenoverse_2_super_pass
PAX0010515894,Dragon Ball Z: Kakarot (Deluxe Edition),dragon_ball_z_kakarot_deluxe
PAX0010519362,Dragon Ball Z: Kakarot Season Pass (DLC),dragon_ball_z_kakarot_season_pass
PAX0010521640,Dragon Ball Z: Kakarot (Ultimate Edition),dragon_ball_z_kakarot_ultimate
PAX0010526978,Jump Force,jump_force
PAX0010532146,Naruto Shippuden: Ultimate Ninja Storm Trilogy,naruto_shippuden_ultimate_ninja_storm_trilogy
PAX0010533574,One Piece: World Seeker,one_piece_world_seeker
PAX0010533676,One Piece: Burning Blood,one_piece_burning_blood
PAX0010552240,Tekken 7 Season Pass (DLC),tekken_7_season_pass
PAX0010552342,Tekken 6,tekken_6
PAX0010556728,Naruto to Boruto: Shinobi Striker  Season Pass (DLC),naruto_to_boruto_shinobi_striker_season_pass
PAX0010567030,Naruto Shippuden: Ultimate Ninja Storm 2,naruto_shippuden_ultimate_ninja_storm_2
PAX0010567064,Naruto: Ultimate Ninja Storm,naruto_ultimate_ninja_storm
PAX0010567132,NARUTO STORM 4: Road to Boruto Expansion (DLC),naruto_storm_4_road_to_boruto_expansion
PAX0010567200,One Piece Burning Blood Gold Pack (DLC),one_piece_burning_blood_gold_pack
PAX0010567268,One Piece Pirate Warriors 3 Pack 2 (DLC),one_piece_pirate_warriors_3_pack_2
PAX0010585084,Black Clover: Quartet Knights,black_clover_quartet_knights
PAX0010585968,Naruto to Boruto: Shinobi Striker,naruto_to_boruto_shinobi_striker
PAX0010588518,God Eater 3,god_eater_3
PAX0010593278,One Punch Man: A Hero Nobody Knows,one_punch_man_a_hero_nobody_knows
PAX0010593414,Rad,rad
PAX0010593584,Code Vein,code_vein
PAX0010605960,One Piece: Pirate Warriors 4,one_piece_pirate_warriors_4
PAX0010607966,Dragon Ball FighterZ: FighterZ Pass 3 (DLC),dragon_ball_fighterz_fighterz_pass_3
PAX0010620750,Code Vein: Season Pass (DLC),code_vein_season_pass
PAX0010640538,One Piece: Pirate Warriors 4 - Character Pass (DLC),one_piece_pirate_warriors_4_character_pass
PAX0010640946,One Piece: Pirate Warriors 4 (Deluxe Edition),one_piece_pirate_warriors_4_deluxe
PAX0010702350,Sword Art Online: Fatal Bullet (Deluxe Edition),sword_art_online_fatal_bullet_deluxe
PAX0010731760,Doraemon Story of Seasons,doraemon_story_of_seasons
PAX0010781400,Sword Art Online: Alicization Lycoris,sword_art_online_alicization_lycoris
PAX0010797788,Sword Art Online: Alicization Lycoris (Deluxe Edition),sword_art_online_alicization_lycoris_deluxe
PAX0010797890,Mr. DRILLER DrillLand,mr_driller_drillland
PAX0010831006,My Hero One's Justice 2,my_hero_one_s_justice_2
PAX0010831040,My Hero One's Justice 2 (Deluxe Edition),my_hero_one_s_justice_2_deluxe
PAX0010831210,My Hero One's Justice 2 Season Pass (DLC),my_hero_one_s_justice_2_season_pass
PAX0010849876,Captain Tsubasa: Rise of New Champions,captain_tsubasa_rise_of_new_champions
PAX0010849944,Captain Tsubasa: Rise of New Champions (Deluxe Edition),captain_tsubasa_rise_of_new_champions_deluxe
PAX0010850046,Project Cars 3,project_cars_3
PAX0010850386,Project CARS 3,project_cars_3
PAX0010850420,Fast & Furious Crossroads,fast_furious_crossroads
PAX0010850454,Fast & Furious Crossroads (Deluxe Edition),fast_furious_crossroads_deluxe
PAX0010850488,Fast & Furious Crossroads Season Pass (DLC),fast_furious_crossroads_season_pass
PAX0010850522,Naruto to Boruto: Shinobi Striker Season Pass 2 (DLC),naruto_to_boruto_shinobi_striker_season_pass_2
PAX0010850556,Naruto to Boruto: Shinobi Striker Season Pass 3 (DLC),naruto_to_boruto_shinobi_striker_season_pass_3
PAX0010877960,Captain Tsubasa: Rise of New Champions Character Pass (DLC),captain_tsubasa_rise_of_new_champions_character_pass
PAX0010878402,Project Cars 3 Season Pass (DLC),project_cars_3_season_pass
PAX0010915088,Sword Art Online: Fatal Bullet,sword_art_online_fatal_bullet
PAX0010942390,Project CARS 2,project_cars_2
PAX0010948476,Accel World Vs. Sword Art Online (Deluxe Edition),accel_world_vs_sword_art_online_deluxe
PAX0010982544,The Dark Pictures: Little Hope,the_dark_pictures_little_hope
PAX0010983938,Pac-Man Championship Edition DX: All You can Eat Pack (DLC),pac_man_championship_dx_all_you_can_eat_pack
PAX0010995022,Digimon Story Cyber Sleuth (Complete Edition),digimon_story_cyber_sleuth_complete
PAX0010999306,Sword Art Online: Hollow Realization (Deluxe Edition),sword_art_online_hollow_realization_deluxe
PAX0011015694,Ni No Kuni II: Revenant Kingdom,ni_no_kuni_ii_revenant_kingdom
PAX0011015762,Ni no Kuni II: Revenant Kingdom (The Prince's Edition),ni_no_kuni_ii_revenant_kingdom_the_prince_s
PAX0011017122,Tales of Berseria,tales_of_berseria
PAX0011037828,Boost,boost
PAX0011042010,Tekken 7 Season Pass 4 (DLC),tekken_7_season_pass_4
PAX0011050068,DeadCore,deadcore
PAX0011056086,Soulcalibur VI,soulcalibur_vi
PAX0011060064,One Piece: Unlimited World Red (Deluxe Edition),one_piece_unlimited_world_red_deluxe
PAX0011063158,Hexodius,hexodius
PAX0011070536,Digimon Story Cyber Sleuth (Complete Edition),digimon_story_cyber_sleuth_complete
PAX0011077744,Jump Force: Character Pass (DLC),jump_force_character_pass
PAX0011078050,Naruto to Boruto: Shinobi Striker,naruto_to_boruto_shinobi_striker
PAX0011083252,Dragon Ball: Xenoverse 2,dragon_ball_xenoverse_2
PAX0011083694,Dark Souls III,dark_souls_iii
PAX0011083728,Dark Souls III (Deluxe Edition),dark_souls_iii_deluxe
PAX0011085190,Dark Souls II: Scholar of the First Sin,dark_souls_ii_scholar_of_the_first_sin
PAX0011087230,Naruto Shippuden: Ultimate Ninja Storm 4 Season Pass (DLC),naruto_shippuden_ultimate_ninja_storm_4_season_pass
PAX0011102666,The Dark Pictures Anthology: Little Hope,the_dark_pictures_anthology_little_hope
PAX0011112662,Project Cars 2,project_cars_2
PAX0011150674,Jump Force,jump_force
PAX0011176038,Dragon Ball: Xenoverse Season Pass (DLC),dragon_ball_xenoverse_season_pass
PAX0011178724,Dark Souls III (Deluxe Edition),dark_souls_iii_deluxe
PAX0011183892,Little Nightmares,little_nightmares
PAX0011194296,Dark Souls II: Scholar of the First Sin,dark_souls_ii_scholar_of_the_first_sin
PAX0011201402,Dragon Ball: Xenoverse Season Pass (DLC),dragon_ball_xenoverse_season_pass
PAX0011201674,Little Nightmares: Secrets of The Maw - Expansion Pass (DLC),little_nightmares_secrets_of_the_maw_expansion_pass
PAX0011201878,Dark Souls III: Season Pass (DLC),dark_souls_iii_season_pass
PAX0011204496,Platformines,platformines
PAX0011204972,.Hack//G.U. Last Recode,hack_g_u_last_recode
PAX0011207386,Little Nightmares II,little_nightmares_ii
PAX0011207420,Little Nightmares II (Deluxe Edition),little_nightmares_ii_deluxe
PAX0011210956,Project Cars 2 (Deluxe Edition),project_cars_2_deluxe
PAX0011212350,One Piece: World Seeker,one_piece_world_seeker
PAX0011216498,The Dark Pictures Anthology: Little Hope,the_dark_pictures_anthology_little_hope
PAX0011216770,Tekken 7 (Ultimate Edition),tekken_7_ultimate
PAX0011218844,Jump Force (Ultimate Edition),jump_force_ultimate
PAX0011219898,Tekken 7,tekken_7
PAX0011219966,One Punch Man: A Hero Nobody Knows,one_punch_man_a_hero_nobody_knows
PAX0011220306,One Punch Man: A Hero Nobody Knows (Deluxe Edition),one_punch_man_a_hero_nobody_knows_deluxe
PAX0011221632,Dragon Ball Z: Kakarot,dragon_ball_z_kakarot
PAX0011222856,Twin Mirror,twin_mirror
PAX0011223468,Naruto to Boruto: Shinobi Striker (Deluxe Edition),naruto_to_boruto_shinobi_striker_deluxe
PAX0011228024,Project Cars (Digital Edition),project_cars_digital
PAX0011229078,Project Cars 2 (Deluxe Edition),project_cars_2_deluxe
PAX0011229452,The Dark Pictures Anthology: Little Hope,the_dark_pictures_anthology_little_hope
PAX0011229894,Captain Tsubasa: Rise of New Champions - Character Pass (DLC),captain_tsubasa_rise_of_new_champions_character_pass
PAX0011233736,Captain Tsubasa: Rise of a New Champions,captain_tsubasa_rise_of_a_new_champions
PAX0011233974,Namco Museum Archives Volume 1,namco_museum_archives_volume_1
PAX0011234110,Namco Museum Archives Volume 2,namco_museum_archives_volume_2
PAX0011238836,God Eater 2: Rage Burst,god_eater_2_rage_burst
PAX0011239006,Ni no Kuni II: Revenant Kingdom,ni_no_kuni_ii_revenant_kingdom
PAX0011241386,Project Cars 2: Japanese Cars Bonus Pack (DLC),project_cars_2_japanese_cars_bonus_pack
PAX0011249818,New Gundam Breaker,new_gundam_breaker
PAX0011254034,Ridge Racer Unbounded Bundle,ridge_racer_unbounded_bundle
PAX0011254782,Little Nightmares II,little_nightmares_ii
PAX0011254884,Little Nightmares II,little_nightmares_ii
PAX0011254918,Little Nightmares II (Deluxe Edition),little_nightmares_ii_deluxe
PAX0011265050,One Piece: Pirate Warriors 4 (Deluxe Edition),one_piece_pirate_warriors_4_deluxe
PAX0011267056,Accel World Vs. Sword Art Online (Deluxe Edition),accel_world_vs_sword_art_online_deluxe
PAX0011268178,Ni no Kuni: Wrath of the White Witch Remastered,ni_no_kuni_wrath_of_the_white_witch_remastered
PAX0011271340,Tales of Vesperia (Definitive Edition),tales_of_vesperia_definitive
PAX0011280214,Project Cars 3,project_cars_3
PAX0011291060,Tekken 7 (Ultimate Edition),tekken_7_ultimate
PAX0011300546,Dark Souls III (Deluxe Edition),dark_souls_iii_deluxe
PAX0011312446,Jump Force: Character Pass 2 (DLC),jump_force_character_pass_2
PAX0011312922,Code Vein (Deluxe Edition),code_vein_deluxe
PAX0011314860,One Piece Pirate Warriors 3 (Gold Edition),one_piece_pirate_warriors_3_gold
PAX0011315778,Project Cars: Modified Car Pack (DLC),project_cars_modified_car_pack
PAX0011322374,Little Nightmares: Secrets of The Maw (DLC),little_nightmares_secrets_of_the_maw
PAX0011326488,Dark Souls II: Season Pass (DLC),dark_souls_ii_season_pass
PAX0011330092,Project Cars 2: Japanese Bonus Cars Pack (DLC),project_cars_2_japanese_bonus_cars_pack
PAX0011333050,Ni no Kuni II: Revenant Kingdom,ni_no_kuni_ii_revenant_kingdom
PAX0011334240,Dragon Ball Xenoverse GT Pack 1 (DLC),dragon_ball_xenoverse_gt_pack_1
PAX0011338218,Soulcalibur VI (Deluxe Edition),soulcalibur_vi_deluxe
PAX0011340360,Project Cars,project_cars
PAX0011353722,Tekken 7 Season Pass 2 (DLC),tekken_7_season_pass_2
PAX0011354674,Get Even,get_even
PAX0011354742,Get Even,get_even
PAX0011356272,My Hero One's Justice 2 (Deluxe Edition),my_hero_one_s_justice_2_deluxe
PAX0011357190,One Piece: Pirate Warriors 4,one_piece_pirate_warriors_4
PAX0011357292,Ridge Racer Unbounded Bundle,ridge_racer_unbounded_bundle
PAX0011359672,Dragon Ball FighterZ,dragon_ball_fighterz
PAX0011363990,Dark Souls III: Season Pass (DLC),dark_souls_iii_season_pass
PAX0011365316,Dragon Ball Xenoverse 2: Super Pass (DLC),dragon_ball_xenoverse_2_super_pass
PAX0011368172,Naruto Shippuden: Ultimate Ninja Storm 4,naruto_shippuden_ultimate_ninja_storm_4
PAX0011370926,Little Witch Academia: Chamber of Time,little_witch_academia_chamber_of_time
PAX0011373680,Dark Souls III,dark_souls_iii
PAX0011374224,Namco Museum Archives Volume 1,namco_museum_archives_volume_1
PAX0011389626,God Eater 2: Rage Burst,god_eater_2_rage_burst
PAX0011393332,Project Cars 2,project_cars_2
PAX0011405844,Naruto Shippuden: Ultimate Ninja Storm Trilogy,naruto_shippuden_ultimate_ninja_storm_trilogy
PAX0011414276,God Eater 3,god_eater_3
PAX0011416112,Dragon Ball: Xenoverse 2 - Ultra Pack Set (DLC),dragon_ball_xenoverse_2_ultra_pack_set
PAX0011417506,Dragon Ball Z: Kakarot - A New Power Awakens Set steam (DLC),dragon_ball_z_kakarot_a_new_power_awakens_set_steam
PAX0011418968,Soulcalibur VI,soulcalibur_vi
PAX0011435764,.Hack//G.U. Last Recode,hack_g_u_last_recode
PAX0011441850,One Punch Man: A Hero Nobody Knows - Character Pass (DLC),one_punch_man_a_hero_nobody_knows_character_pass
PAX0011443788,Tekken 7 (Ultimate Edition),tekken_7_ultimate
PAX0011446984,Naruto Shippuden: Ultimate Ninja Storm Revolution,naruto_shippuden_ultimate_ninja_storm_revolution
PAX0011453036,One Piece Pirate Warriors 3 Story Pack (DLC),one_piece_pirate_warriors_3_story_pack
PAX0011453308,Sword Art Online: Fatal Bullet,sword_art_online_fatal_bullet
PAX0011460958,Naruto Shippuden: Ultimate Ninja Storm 2,naruto_shippuden_ultimate_ninja_storm_2
PAX0011461978,Dragon Ball FighterZ (Ultimate Edition),dragon_ball_fighterz_ultimate
PAX0011474422,Jump Force (Deluxe Edition),jump_force_deluxe
PAX0011475170,Tekken 7,tekken_7
PAX0011476224,One Piece: World Seeker,one_piece_world_seeker
PAX0011476768,Tekken 7,tekken_7
PAX0011476836,Dragon Ball FighterZ: FighterZ Pass 2 (DLC),dragon_ball_fighterz_fighterz_pass_2
PAX0011480236,Tekken 7,tekken_7
PAX0011480372,Jump Force,jump_force
PAX0011482038,Mud: FIM Motocross World Championship,mud_fim_motocross_world_championship
PAX0011482854,Soulcalibur VI,soulcalibur_vi
PAX0011484112,Dragon Ball FighterZ,dragon_ball_fighterz
PAX0011485302,My Hero One's Justice,my_hero_one_s_justice
PAX0011489042,Jump Force: Characters Pass (DLC),jump_force_characters_pass
PAX0011489654,Dragon Ball: Xenoverse 2 - Extra Pass (DLC),dragon_ball_xenoverse_2_extra_pass
PAX0011492170,Naruto Shippuden: Ultimate Ninja Storm 4 - Road to Boruto,naruto_shippuden_ultimate_ninja_storm_4_road_to_boruto
PAX0011492340,Beware Planet Earth!,beware_planet_earth
PAX0011493326,Tekken 7 Season Pass 2 (DLC),tekken_7_season_pass_2
PAX0011493428,One Piece: World Seeker (Deluxe Edition),one_piece_world_seeker_deluxe
PAX0011494516,The Dark Pictures Anthology: Man of Medan,the_dark_pictures_anthology_man_of_medan
PAX0011496930,Code Vein (Deluxe Edition),code_vein_deluxe
PAX0011497746,RAD,rad
PAX0011498188,RAD,rad
PAX0011514134,Dragon Ball Z: Kakarot,dragon_ball_z_kakarot
PAX0011515188,Project Cars 2,project_cars_2
PAX0011521682,Jump Force,jump_force
PAX0011522022,Project Cars 2 Season Pass (DLC),project_cars_2_season_pass
PAX0011523620,Sword Art Online: Fatal Bullet,sword_art_online_fatal_bullet
PAX0011525218,Tekken 7: Eliza (DLC),tekken_7_eliza
PAX0011526510,Rad,rad
PAX0011527632,Dragon Ball: Xenoverse Super Bundle,dragon_ball_xenoverse_super_bundle
PAX0011528312,Ace Combat 7: Skies Unknown,ace_combat_7_skies_unknown
PAX0011528482,The Dark Pictures Anthology: Man of Medan,the_dark_pictures_anthology_man_of_medan
PAX0011528686,Code Vein: Season Pass (DLC),code_vein_season_pass
PAX0011530148,Dragon Ball Z: Kakarot (Ultimate Edition),dragon_ball_z_kakarot_ultimate
PAX0011531066,Project Cars 2 Season Pass (DLC),project_cars_2_season_pass
PAX0011531134,Naruto Shippuden: Ultimate Ninja Storm Trilogy,naruto_shippuden_ultimate_ninja_storm_trilogy
PAX0011537730,Arcade Game Series: 3 in 1 Pack,arcade_game_series_3_in_1_pack
PAX0011539804,SD Gundam G Generation Cross Rays,sd_gundam_g_generation_cross_rays
PAX0011545074,Naruto Shippuden: Ultimate Ninja Storm 4 Season Pass (DLC),naruto_shippuden_ultimate_ninja_storm_4_season_pass
PAX0011545550,Naruto Shippuden: Ultimate Ninja Storm 4,naruto_shippuden_ultimate_ninja_storm_4
PAX0011547998,Soulcalibur VI,soulcalibur_vi
PAX0011548576,Naruto Shippuden: Ultimate Ninja Storm Legacy,naruto_shippuden_ultimate_ninja_storm_legacy
PAX0011550038,Naruto Shippuden: Ultimate Ninja Storm 4 - Road to Boruto,naruto_shippuden_ultimate_ninja_storm_4_road_to_boruto
PAX0011550616,Soulcalibur VI,soulcalibur_vi
PAX0011550956,Dragon Ball Z: Kakarot (Ultimate Edition),dragon_ball_z_kakarot_ultimate
PAX0011551024,One Piece: Burning Blood,one_piece_burning_blood
PAX0011551228,My Hero One's Justice,my_hero_one_s_justice
PAX0011551772,Dragon Ball FighterZ,dragon_ball_fighterz
PAX0011551942,My Hero One's Justice,my_hero_one_s_justice
PAX0011553200,Tekken 7,tekken_7
PAX0011555104,Naruto to Boruto: Shinobi Striker,naruto_to_boruto_shinobi_striker
PAX0011562686,Dark Souls: Remastered,dark_souls_remastered
PAX0011562992,One Piece: Burning Blood (Gold Edition),one_piece_burning_blood_gold
PAX0011587608,Billion Road,billion_road
PAX0011599644,Super Robot Wars V,super_robot_wars_v
PAX0011599848,Super Robot Wars X,super_robot_wars_x
PAX0011612496,Project Cars 2 (Deluxe Edition),project_cars_2_deluxe
PAX0011615896,11-11 Memories Retold,11_11_memories_retold
PAX0011620588,.Hack//G.U. Last Recode,hack_g_u_last_recode
PAX0011627354,Pac-Man 256,pac_man_256
PAX0011627830,Project Cars (Game of the Year Edition),project_cars_game_of_the_year
PAX0011632182,Tales of Zestiria,tales_of_zestiria
PAX0011642246,Scarlet Nexus (Deluxe Edition),scarlet_nexus_deluxe
PAX0011642280,Scarlet Nexus,scarlet_nexus
PAX0011656288,Little Nightmares,little_nightmares
PAX0011676212,Sword Art Online: Lost Song,sword_art_online_lost_song
PAX0011678694,.Hack//G.U. Last Recode,hack_g_u_last_recode
PAX0011688622,Tekken 7 Season Pass 2 (DLC),tekken_7_season_pass_2
PAX0011705588,Dark Souls: Remastered,dark_souls_remastered
PAX0011723132,Tekken 7 Season Pass (DLC),tekken_7_season_pass
PAX0011727654,One Piece: Pirate Warriors 4,one_piece_pirate_warriors_4
PAX0011733026,Project Cars,project_cars
PAX0011734760,Namco Museum Archives Vol 2,namco_museum_archives_vol_2
PAX0011740812,One Punch Man: A Hero Nobody Knows,one_punch_man_a_hero_nobody_knows
PAX0011755500,Get Even,get_even
PAX0011764306,Tales of Symphonia,tales_of_symphonia
PAX0011764782,Dark Souls III: Ashes of Ariandel (DLC),dark_souls_iii_ashes_of_ariandel
PAX0011765360,Soulcalibur VI,soulcalibur_vi
PAX0011771990,Code Vein,code_vein
PAX0011772466,Dragon Ball: Xenoverse 2,dragon_ball_xenoverse_2
PAX0011772500,One Piece Pirate Warriors 3,one_piece_pirate_warriors_3
PAX0011792288,Black Clover: Quartet Knights,black_clover_quartet_knights
PAX0011792356,Dark Souls II: Scholar of the First Sin,dark_souls_ii_scholar_of_the_first_sin
PAX0011792832,Soulcalibur VI Season Pass (DLC),soulcalibur_vi_season_pass
PAX0011795926,Sword Art Online Re: Hollow Fragment,sword_art_online_re_hollow_fragment
PAX0011812280,Katamari Damacy Reroll,katamari_damacy_reroll
PAX0011812382,Little Nightmares (Complete Edition),little_nightmares_complete
PAX0011813300,Saint Seiya: Soldiers' Soul,saint_seiya_soldiers_soul
PAX0011823670,Tales of Arise (Deluxe Edition),tales_of_arise_deluxe
PAX0011827682,Tales of Arise (Ultimate Edition),tales_of_arise_ultimate
PAX0011827716,Tales of Arise,tales_of_arise
PAX0011827886,One Piece: Burning Blood (Gold Edition),one_piece_burning_blood_gold
PAX0011828022,Captain Tsubasa: Rise of New Champions,captain_tsubasa_rise_of_new_champions
PAX0011885346,The Dark Pictures Anthology: House of Ashes,the_dark_pictures_anthology_house_of_ashes
PAX0011886978,Super Robot Wars 30,super_robot_wars_30
PAX0011909384,Project Cars 2,project_cars_2
PAX0011909486,Naruto to Boruto: Shinobi Striker,naruto_to_boruto_shinobi_striker
PAX0011909554,Dragon Ball FighterZ (Ultimate Edition),dragon_ball_fighterz_ultimate
PAX0011910030,Tekken 7 (Ultimate Edition),tekken_7_ultimate
PAX0011917170,SD Gundam G Generation Cross Rays: Season Pass (DLC),sd_gundam_g_generation_cross_rays_season_pass
PAX0011920978,Dragon Ball Xenoverse 2: Super Pass (DLC),dragon_ball_xenoverse_2_super_pass
PAX0011923630,Super Robot Wars 30 (Deluxe Edition),super_robot_wars_30_deluxe
PAX0011934816,Super Robot Wars 30 (Ultimate Edition),super_robot_wars_30_ultimate
PAX0011937230,Tales of Arise,tales_of_arise
PAX0012031750,Dark Souls III: The Ringed City (DLC),dark_souls_iii_the_ringed_city
PAX0012032566,Naruto Shippuden: Ultimate Ninja Storm 4,naruto_shippuden_ultimate_ninja_storm_4
PAX0012040862,The Dark Pictures Anthology: Man of Medan,the_dark_pictures_anthology_man_of_medan
PAX0012041508,One Punch Man: A Hero Nobody Knows (Deluxe Edition),one_punch_man_a_hero_nobody_knows_deluxe
PAX0012042630,One Piece: Unlimited World Red (Deluxe Edition),one_piece_unlimited_world_red_deluxe
PAX0012071802,Captain Tsubasa: Rise of New Champions,captain_tsubasa_rise_of_new_champions
PAX0012071904,Fast & Furious Crossroads,fast_furious_crossroads
PAX0012074590,Elden Ring,elden_ring
PAX0012087952,Elden Ring (Deluxe Edition),elden_ring_deluxe
PAX0012109542,Ace Combat 7: Skies Unknown,ace_combat_7_skies_unknown
PAX0012112024,Tekken 7 Season Pass (DLC),tekken_7_season_pass
PAX0012117022,Elden Ring,elden_ring
PAX0012122734,Elden Ring (Deluxe Edition),elden_ring_deluxe
PAX0012123652,Elden Ring (Deluxe Edition),elden_ring_deluxe
PAX0012146534,Elden Ring,elden_ring
PAX0012306674,Dragon Ball: Xenoverse 2,dragon_ball_xenoverse_2
PAX0012311128,My Hero One's Justice,my_hero_one_s_justice
PAX0012314154,Ni no Kuni II: Revenant Kingdom,ni_no_kuni_ii_revenant_kingdom
PAX0012319356,New Gundam Breaker,new_gundam_breaker
PAX0012319390,Ni no Kuni II: Revenant Kingdom (The Prince's Edition),ni_no_kuni_ii_revenant_kingdom_the_prince_s
PAX0012336220,Soulcalibur VI (Deluxe Edition),soulcalibur_vi_deluxe
PAX0012347984,The Dark Pictures Triple Pack,the_dark_pictures_triple_pack
PAX0012403812,Klonoa Phantasy Reverie Series,klonoa_phantasy_reverie_series
PAX0012413910,Digimon Survive,digimon_survive
PAX0012417582,SD Gundam Battle Alliance,sd_gundam_battle_alliance
PAX0012423736,Pac-Man World Re-Pac,pac_man_world_re_pac
PAX0012435840,Jojo's Bizarre Adventure: All-Star Battle R,jojo_s_bizarre_adventure_all_star_battle_r
PAX0012511422,Tales of Zestiria,tales_of_zestiria
PAX0012513802,One Piece Pirate Warriors 3,one_piece_pirate_warriors_3
PAX0012521486,Scarlet Nexus: Weapon Bundle (DLC),scarlet_nexus_weapon_bundle
PAX0012527878,Dragon Ball: The Breakers (Special Edition),dragon_ball_the_breakers_special
PAX0012529510,Dragon Ball: The Breakers,dragon_ball_the_breakers
PAX0012530020,Tekken 7 (Originals Edition),tekken_7_originals
PAX0012535698,Tekken 7 (Definitive Edition),tekken_7_definitive
PAX0012537704,Ace Combat 7: Skies Unknown - Top Gun: Maverick Edition,ace_combat_7_skies_unknown_top_gun_maverick
PAX0012551304,Naruto To Boruto: Shinobi Striker Season Pass 4,naruto_to_boruto_shinobi_striker_season_pass_4
PAX0012561776,Doraemon Story of Seasons: Friends of the Great Kingdom,doraemon_story_of_seasons_friends_of_the_great_kingdom
PAX0012573438,Elden Ring,elden_ring
PAX0012574356,The Dark Pictures Anthology: The Devil in Me,the_dark_pictures_anthology_the_devil_in_me
PAX0012652998,One Piece Odyssey,one_piece_odyssey
PAX0012673398,Dragon Ball Z: Kakarot (Legendary Edition),dragon_ball_z_kakarot_legendary
PAX0012673432,One Piece Odyssey (Deluxe Edition),one_piece_odyssey_deluxe
PAX0012723344,Digimon World: Next Order,digimon_world_next_order
PAX0012760472,Dragon Ball: Xenoverse 2 (Deluxe Edition),dragon_ball_xenoverse_2_deluxe
PAX0012793044,Elden Ring (Deluxe Edition),elden_ring_deluxe
PAX0012793894,Dragon Ball: Xenoverse Super Bundle,dragon_ball_xenoverse_super_bundle
PAX0012872162,We Love Katamari Reroll + Royal Reverie,we_love_katamari_reroll_royal_reverie
PAX0012884402,Naruto Shippuden: Ultimate Ninja Storm Revolution,naruto_shippuden_ultimate_ninja_storm_revolution
PAX0012897084,Park Beyond,park_beyond
PAX0012925168,Dragon Ball FighterZ,dragon_ball_fighterz
PAX0012925644,Tales of Vesperia (Definitive Edition),tales_of_vesperia_definitive
PAX0012925712,Dragon Ball Z: Kakarot,dragon_ball_z_kakarot
PAX0012983614,Dragon Ball: The Breakers (Special Edition),dragon_ball_the_breakers_special
PAX0012983648,Naruto Storm 4: Road to Boruto Expansion (DLC),naruto_storm_4_road_to_boruto_expansion
PAX0012985416,Naruto Shippuden: Ultimate Ninja Storm 3 Full Burst,naruto_shippuden_ultimate_ninja_storm_3_full_burst
PAX0012986062,The Dark Pictures Anthology: The Devil in Me,the_dark_pictures_anthology_the_devil_in_me
PAX0013007346,Dragon Ball: Xenoverse 2,dragon_ball_xenoverse_2
PAX0013013670,Pac-Man Championship Edition DX+,pac_man_championship_dx
PAX0013064568,Bandai Namco Coin 3000 Yen | Japan Account Only,bandai_namco_coin_3000_yen_japan_account_only
PAX0013069260,Armored Core VI: Fires Of Rubicon (Deluxe Edition),armored_core_vi_fires_of_rubicon_deluxe
PAX0013073340,Armored Core VI: Fires Of Rubicon,armored_core_vi_fires_of_rubicon
PAX0013073374,Armored Core VI: Fires Of Rubicon,armored_core_vi_fires_of_rubicon
PAX0013077488,Armored Core VI: Fires Of Rubicon,armored_core_vi_fires_of_rubicon
PAX0013153750,Jojo's Bizarre Adventure: All-Star Battle R (Deluxe Edition),jojo_s_bizarre_adventure_all_star_battle_r_deluxe
PAX0013154124,Dark Souls: Remastered,dark_souls_remastered
PAX0013159190,Sword Art Online: Last Recollection,sword_art_online_last_recollection
PAX0013163610,One Piece Pirate Warriors 3 Story Pack (DLC),one_piece_pirate_warriors_3_story_pack
PAX0013212740,Elden Ring,elden_ring
PAX0013268670,Dark Souls II: Scholar of the First Sin,dark_souls_ii_scholar_of_the_first_sin
PAX0013400964,Elden Ring (Deluxe Edition),elden_ring_deluxe
PAX0013411368,Tekken 8,tekken_8
PAX0013412422,Jujutsu Kaisen Cursed Clash,jujutsu_kaisen_cursed_clash
PAX0013418984,Tekken 8,tekken_8
PAX0013419936,Tekken 8 (Deluxe Edition),tekken_8_deluxe
PAX0013420038,Tekken 8 (Ultimate Edition),tekken_8_ultimate
PAX0013420072,Tekken 8,tekken_8
PAX0013426702,Tekken 8 (Deluxe Edition),tekken_8_deluxe
PAX0013432856,Tekken 8 (Deluxe Edition),tekken_8_deluxe
PAX0013432958,Tekken 8 (Ultimate Edition),tekken_8_ultimate
PAX0013436324,Tekken 8 (Ultimate Edition),tekken_8_ultimate
PAX0013436664,Jujutsu Kaisen Cursed Clash,jujutsu_kaisen_cursed_clash
PAX0013436800,Jujutsu Kaisen Cursed Clash (Ultimate Edition),jujutsu_kaisen_cursed_clash_ultimate
PAX0013449516,Sand Land,sand_land
PAX0013456282,Jojo's Bizarre Adventure: All-Star Battle R (Ultimate Edition),jojo_s_bizarre_adventure_all_star_battle_r_ultimate
PAX0013456622,Ace Combat 7: Skies Unknown - Top Gun: Maverick Aircraft Set (DLC),ace_combat_7_skies_unknown_top_gun_maverick_aircraft_set
PAX0013468760,Dragon Ball Xenoverse 2: Hero of Justice Pack Set (DLC),dragon_ball_xenoverse_2_hero_of_justice_pack_set
PAX0013468930,Dragon Ball Xenoverse 2: Hero of Justice Pack 1 (DLC),dragon_ball_xenoverse_2_hero_of_justice_pack_1
PAX0013469304,Dragon Ball Xenoverse 2: Hero of Justice Pack 2 (DLC),dragon_ball_xenoverse_2_hero_of_justice_pack_2
PAX0013475322,Little Nightmares III,little_nightmares_iii
PAX0013542336,Little Nightmares II,little_nightmares_ii
PAX0013554066,One Punch Man: A Hero Nobody Knows (Deluxe Edition),one_punch_man_a_hero_nobody_knows_deluxe
PAX0013555222,Tales of Arise - Beyond the Dawn Expansion (DLC),tales_of_arise_beyond_the_dawn_expansion
PAX0013555324,Naruto X Boruto Ultimate Ninja Storm Connections,naruto_x_boruto_ultimate_ninja_storm_connections
PAX0013555528,Dragon Ball: Xenoverse 2 - Legendary Pack 1 (DLC),dragon_ball_xenoverse_2_legendary_pack_1
PAX0013555562,Dragon Ball: Xenoverse 2 - Legendary Pack 2 (DLC),dragon_ball_xenoverse_2_legendary_pack_2
PAX0013555596,Dragon Ball: Xenoverse 2 - Legendary Pack Set (DLC),dragon_ball_xenoverse_2_legendary_pack_set
PAX0013555630,Super Dragon Ball Heroes: World Mission,super_dragon_ball_heroes_world_mission
PAX0013587216,Elden Ring Shadow of the Erdtree (DLC),elden_ring_shadow_of_the_erdtree
PAX0013587284,Elden Ring Shadow of the Erdtree (DLC),elden_ring_shadow_of_the_erdtree
PAX0013587318,Elden Ring Shadow of the Erdtree (DLC),elden_ring_shadow_of_the_erdtree
PAX0013587352,Little Nightmares III,little_nightmares_iii
PAX0013587420,Little Nightmares III,little_nightmares_iii
PAX0013587488,Little Nightmares III,little_nightmares_iii
PAX0013610676,Elden Ring Shadow of the Erdtree Edition,elden_ring_shadow_of_the_erdtree
PAX0013629852,Sand Land,sand_land
PAX0013629988,Tales of Zestiria,tales_of_zestiria
PAX0013651816,Pac-Man Mega Tunnel Battle: Chomp Champs,pac_man_mega_tunnel_battle_chomp_champs
PAX0013651850,Pac-Man Mega Tunnel Battle: Chomp Champs,pac_man_mega_tunnel_battle_chomp_champs
PAX0013651884,Pac-Man Mega Tunnel Battle: Chomp Champs,pac_man_mega_tunnel_battle_chomp_champs
PAX0013747526,Dragon Ball FighterZ (Legendary Edition),dragon_ball_fighterz_legendary
PAX0013753680,Dragon Ball: Sparking! Zero,dragon_ball_sparking_zero
PAX0013753748,Dragon Ball: Sparking! Zero,dragon_ball_sparking_zero
PAX0013753782,Dragon Ball: Sparking! Zero,dragon_ball_sparking_zero
PAX0013765784,Unknown 9: Awakening,unknown_9_awakening
PAX0013765818,Unknown 9: Awakening,unknown_9_awakening
PAX0013765852,Unknown 9: Awakening,unknown_9_awakening
PAX0013789652,Elden Ring Shadow of the Erdtree (DLC),elden_ring_shadow_of_the_erdtree
PAX0013791590,Elden Ring Shadow of the Erdtree (DLC),elden_ring_shadow_of_the_erdtree
PAX0013791930,Soulcalibur VI: Season Pass 2 (DLC),soulcalibur_vi_season_pass_2
PAX0013795602,Dragon Ball: Sparking! Zero (Deluxe Edition),dragon_ball_sparking_zero_deluxe
PAX0013798832,Gundam Breaker 4,gundam_breaker_4
PAX0013798968,Gundam Breaker 4,gundam_breaker_4
PAX0013799002,Gundam Breaker 4,gundam_breaker_4
PAX0013837558,Spy x Anya: Operation Memories,spy_x_anya_operation_memories
PAX0013886212,Elden Ring,elden_ring
PAX0013900526,Elden Ring,elden_ring
PAX0013924904,That Time I Got Reincarnated as a Slime Isekai Chronicles,that_time_i_got_reincarnated_as_a_slime_isekai_chronicles
PAX0013976312,Sword Art Online: Fractured Daydream,sword_art_online_fractured_daydream
PAX0013986444,Gundam Breaker 4,gundam_breaker_4
PAX0013986614,Gundam Breaker 4 (Deluxe Edition),gundam_breaker_4_deluxe
PAX0013986716,Gundam Breaker 4 (Ultimate Edition),gundam_breaker_4_ultimate
PAX0013989640,Digimon Survive,digimon_survive
PAX0014008034,Captain Tsubasa: Rise of New Champions (Ultimate Edition),captain_tsubasa_rise_of_new_champions_ultimate
PAX0014008374,Sword Art Online: Last Recollection (Deluxe Edition),sword_art_online_last_recollection_deluxe
PAX0014038022,Bleach Rebirth of Souls,bleach_rebirth_of_souls
PAX0014079774,Synduality: Echo of Ada,synduality_echo_of_ada
PAX0014089430,Jujutsu Kaisen Cursed Clash (Deluxe Edition),jujutsu_kaisen_cursed_clash_deluxe
PAX0014117378,Dragon Ball: Sparking! Zero (Ultimate Edition),dragon_ball_sparking_zero_ultimate
PAX0014117548,Dragon Ball: Sparking! Zero (Deluxe Edition),dragon_ball_sparking_zero_deluxe
PAX0014130230,Dragon Ball: Sparking! Zero,dragon_ball_sparking_zero
PAX0014130298,Dragon Ball: Sparking! Zero,dragon_ball_sparking_zero
PAX0014130332,Dragon Ball: Sparking! Zero,dragon_ball_sparking_zero
PAX0014130366,Dragon Ball: Sparking! Zero,dragon_ball_sparking_zero
PAX0014135432,Sword Art Online: Fractured Daydream,sword_art_online_fractured_daydream
PAX0014175688,Freedom Wars Remastered,freedom_wars_remastered
PAX0014183542,Tales of Graces f Remastered,tales_of_graces_f_remastered
PAX0014193742,One Piece: Pirate Warriors 4,one_piece_pirate_warriors_4
PAX0014206152,Unknown 9: Awakening,unknown_9_awakening
PAX0014233828,Sword Art Online: Last Recollection - Premium Pass (DLC),sword_art_online_last_recollection_premium_pass
PAX0014235936,Baten Kaitos I & II HD Remaster,baten_kaitos_i_ii_hd_remaster
PAX0014311212,11-11 Memories Retold,11_11_memories_retold
PAX0014344192,Sword Art Online: Hollow Realization (Deluxe Edition),sword_art_online_hollow_realization_deluxe
PAX0014344566,Professional Lumberjack 2015,professional_lumberjack_2015
PAX0014350822,Dragon Ball: Sparking! Zero,dragon_ball_sparking_zero
PAX0014369488,Pac-Man World Re-Pac,pac_man_world_re_pac
PAX0014369522,Jojo's Bizarre Adventure: All-Star Battle R,jojo_s_bizarre_adventure_all_star_battle_r
PAX0014371086,Little Nightmares II,little_nightmares_ii
PAX0014400836,Taiko no Tatsujin: Rhythmic Adventure 2,taiko_no_tatsujin_rhythmic_adventure_2
PAX0014401074,Captain Tsubasa: Rise of New Champions,captain_tsubasa_rise_of_new_champions
PAX0014403726,Ni no Kuni: Wrath of the White Witch Remastered,ni_no_kuni_wrath_of_the_white_witch_remastered
PAX0014432660,Little Nightmares II,little_nightmares_ii
PAX0014432728,Little Nightmares I & II,little_nightmares_i_ii
PAX0014470808,Park Beyond,park_beyond
PAX0014523814,Elden Ring Nightreign,elden_ring_nightreign
PAX0014568320,Pac-Man 256,pac_man_256
PAX0014570666,Dragon Ball Z: Kakarot (Deluxe Edition),dragon_ball_z_kakarot_deluxe
PAX0014571210,Digimon Story Cyber Sleuth (Complete Edition),digimon_story_cyber_sleuth_complete
PAX0014580832,Dragon Ball Xenoverse 2: Future Sage Chapter 1 (DLC),dragon_ball_xenoverse_2_future_sage_chapter_1
PAX0014667464,Dark Souls II: Crown of the Sunken King (DLC),dark_souls_ii_crown_of_the_sunken_king
PAX0014667634,Dark Souls (Prepare to Die Edition),dark_souls_prepare_to_die
PAX0014680690,Doraemon Story of Seasons: Friends of the Great Kingdom,doraemon_story_of_seasons_friends_of_the_great_kingdom
PAX0014731554,Mobile Suit Gundam Seed Battle Destiny Remastered,mobile_suit_gundam_seed_battle_destiny_remastered
PAX0014732166,Shadow Labyrinth,shadow_labyrinth
PAX0014733764,Super Robot Wars Y,super_robot_wars_y
PAX0014737980,Freedom Wars Remastered (Contribution Edition),freedom_wars_remastered_contribution
PAX0014784968,The Blood of Dawnwalker,the_blood_of_dawnwalker
PAX0014785070,The Blood of Dawnwalker,the_blood_of_dawnwalker
PAX0014830086,Digimon Story Time Stranger,digimon_story_time_stranger
PAX0014830766,Mobile Suit Gundam Seed Battle Destiny Remastered,mobile_suit_gundam_seed_battle_destiny_remastered
PAX0014836172,Everybody's Golf Hot Shots,everybody_s_golf_hot_shots
PAX0014842054,Code Vein II,code_vein_ii
PAX0014842190,Towa And The Guardians Of The Sacred Tree,towa_and_the_guardians_of_the_sacred_tree
PAX0014894142,The Blood of Dawnwalker,the_blood_of_dawnwalker
PAX0014894210,Patapon 1+2 Replay,patapon_1_2_replay
PAX0014903186,My Hero Academia: All’s Justice,my_hero_academia_all_s_justice
PAX0014912026,Shadow Labyrinth,shadow_labyrinth
PAX0014928754,Digimon Story Time Stranger,digimon_story_time_stranger
PAX0014928822,Digimon Story Time Stranger (Deluxe Edition),digimon_story_time_stranger_deluxe
PAX0014928856,Digimon Story Time Stranger (Ultimate Edition),digimon_story_time_stranger_ultimate
PAX0014929366,Super Robot Wars Y,super_robot_wars_y
PAX0014929434,Super Robot Wars Y (Ultimate Edition),super_robot_wars_y_ultimate
PAX0014929502,Super Robot Wars Y (Deluxe Edition),super_robot_wars_y_deluxe
PAX0014929740,Everybody's Golf Hot Shots,everybody_s_golf_hot_shots
PAX0014945890,Ni No Kuni: Wrath Of The White Witch,ni_no_kuni_wrath_of_the_white_witch
PAX0014945958,Dragon Ball: The Breakers (Special Edition),dragon_ball_the_breakers_special
PAX0014958742,Naruto Shippuden: Ultimate Ninja Storm 4 - Road To Boruto,naruto_shippuden_ultimate_ninja_storm_4_road_to_boruto
PAX0014976150,Once Upon A Katamari,once_upon_a_katamari
PAX0014976422,Pac-Man World 2 Re-Pac,pac_man_world_2_re_pac
PAX0015081142,Little Nightmares III,little_nightmares_iii
PAX0015081176,Little Nightmares III (Deluxe Edition),little_nightmares_iii_deluxe
PAX0015083964,Tales of Xillia Remastered,tales_of_xillia_remastered
PAX0015099706,Dragon Ball Gekishin Squadra,dragon_ball_gekishin_squadra
PAX0015099774,Dragon Ball Gekishin Squadra,dragon_ball_gekishin_squadra
PAX0015167366,Code Vein II,code_vein_ii
PAX0015167434,Code Vein II (Deluxe Edition),code_vein_ii_deluxe
PAX0015167570,Code Vein II (Ultimate Edition),code_vein_ii_ultimate
PAX0015215068,Little Nightmares III,little_nightmares_iii
PAX0015215510,Digimon Story Time Stranger,digimon_story_time_stranger
PAX0015239922,Elden Ring Nightreign,elden_ring_nightreign
PAX0015249510,Tales of Xillia Remastered (Deluxe Edition),tales_of_xillia_remastered_deluxe
PAX0015260322,Little Nightmares I & II Bundle,little_nightmares_i_ii_bundle
PAX0015323358,Tales of Berseria Remastered,tales_of_berseria_remastered
PAX0015391392,Ace Combat 8: Wings Of Theve,ace_combat_8_wings_of_theve
PAX0015493800,Dragon Ball Z: Kakarot,dragon_ball_z_kakarot
PAX0015493868,Dragon Ball Z: Kakarot Season Pass (DLC),dragon_ball_z_kakarot_season_pass
PAX0015494208,Dragon Ball: Xenoverse 2 Season Pass (DLC),dragon_ball_xenoverse_2_season_pass
PAX0015502742,Dragon Ball Z: Kakarot (Daima Edition),dragon_ball_z_kakarot_daima
PAX0015503422,Digimon Story Time Stranger (Deluxe Edition),digimon_story_time_stranger_deluxe
PAX0015508828,Digimon Story Time Stranger (Ultimate Edition),digimon_story_time_stranger_ultimate
PAX0015540482,Digimon Story Time Stranger,digimon_story_time_stranger
PAX0015540516,Digimon Story Time Stranger,digimon_story_time_stranger
PAX0015630616,Synduality: Echo of Ada,synduality_echo_of_ada
PAX0015630684,Synduality: Echo of Ada (Deluxe Edition),synduality_echo_of_ada_deluxe
PAX0015713780,Super Robot Wars Y (Deluxe Edition),super_robot_wars_y_deluxe
PAX0015713814,Super Robot Wars Y (Ultimate Edition),super_robot_wars_y_ultimate
PAX0015714222,Tales of Xillia Remastered,tales_of_xillia_remastered
PAX0015714290,Tales of Xillia Remastered (Deluxe Edition),tales_of_xillia_remastered_deluxe
PAX0015714324,Tales of Xillia Remastered - Deluxe Upgrade Pack (DLC),tales_of_xillia_remastered_deluxe_upgrade_pack
PAX0015755362,The Dark Pictures Anthology: Season One,the_dark_pictures_anthology_season_one
PAX0015766480,Little Nightmares VR: Altered Echoes,little_nightmares_vr_altered_echoes
PAX0015775422,Dragon Ball FighterZ - Daima Pack (DLC),dragon_ball_fighterz_daima_pack
PAX0015802418,Super Dragon Ball Heroes: World Mission,super_dragon_ball_heroes_world_mission
PAX0015817582,Digimon Survive,digimon_survive
PAX0015819350,Disney Magical World 2: Enchanted Edition,disney_magical_world_2_enchanted
PAX0015824994,Dark Souls: Remastered,dark_souls_remastered
PAX0015825402,Ni no Kuni II: Revenant Kingdom (The Prince's Edition),ni_no_kuni_ii_revenant_kingdom_the_prince_s
PAX0015826558,My Hero One's Justice 2 (Deluxe Edition),my_hero_one_s_justice_2_deluxe
PAX0015827612,Little Nightmares: Secrets of The Maw Expansion Pass (DLC),little_nightmares_secrets_of_the_maw_expansion_pass
PAX0015827680,Naruto Shippuden: Ultimate Ninja Storm Legacy,naruto_shippuden_ultimate_ninja_storm_legacy
PAX0015830638,One Piece Burning Blood (Gold Edition),one_piece_burning_blood_gold
PAX0015831522,Katamari Damacy Reroll,katamari_damacy_reroll
